,Travel Books
0,It's Only the HimalayasÂ£45.17            In stock    Add to basket
1,Full Moon over Noahâs ...Â£49.43            In stock    Add to basket
2,See America: A Celebration ...Â£48.87            In stock    Add to basket
3,Vagabonding: An Uncommon Guide ...Â£36.94            In stock    Add to basket
4,Under the Tuscan SunÂ£37.33            In stock    Add to basket
5,A Summer In EuropeÂ£44.34            In stock    Add to basket
6,The Great Railway BazaarÂ£30.54            In stock    Add to basket
7,A Year in Provence ...Â£56.88            In stock    Add to basket
8,The Road to Little ...Â£23.21            In stock    Add to basket
9,Neither Here nor There: ...Â£38.95            In stock    Add to basket
10,"1,000 Places to See ...Â£26.08            In stock    Add to basket"
